,Env
ERR1583385,root:Environmental:Aquatic:Freshwater:Wetlands:Bog
SRR1179327,root:Host-associated:Mammals:Digestive system:Stomach:Rumen
ERR2725605,root:Host-associated:Mammals:Digestive system:Stomach:Rumen
SRR1930725,root:Environmental:Aquatic:Freshwater:Groundwater:Biofilm
ERR1582517,root:Environmental:Aquatic:Freshwater:Wetlands:Bog
SRR5002888,root:Environmental:Aquatic:Freshwater:Groundwater:Biofilm
ERR2816769,root:Environmental:Aquatic:Marine:Intertidal zone:Coral reef
SRR3633495,root:Environmental:Aquatic:Marine:Intertidal zone:Coral reef
SRR1179400,root:Host-associated:Mammals:Digestive system:Stomach:Rumen
SRR5185957,root:Host-associated:Human:Respiratory system:Nasopharyngeal:Nasal cavity
SRR5003056,root:Environmental:Aquatic:Freshwater:Groundwater:Biofilm
ERR2816437,root:Environmental:Aquatic:Marine:Intertidal zone:Coral reef
SRR5097533,root:Environmental:Aquatic:Marine:Coastal:Sediment
SRR5002895,root:Environmental:Aquatic:Freshwater:Groundwater:Biofilm
SRR527053,root:Environmental:Aquatic:Marine:Hydrothermal vents:Sediment
SRR1644691,root:Host-associated:Mammals:Digestive system:Large intestine:Fecal
SRR3633473,root:Environmental:Aquatic:Marine:Intertidal zone:Coral reef
ERR1582529,root:Environmental:Aquatic:Freshwater:Wetlands:Bog
ERR2211823,root:Environmental:Aquatic:Freshwater:Groundwater:Biofilm
SRR1289501,root:Host-associated:Human:Digestive system:Large intestine:Fecal
SRR6168634,root:Host-associated:Human:Digestive system:Large intestine:Fecal
ERR2842144,root:Host-associated:Human:Respiratory system:Nasopharyngeal:Pharynx
SRR5003100,root:Environmental:Aquatic:Freshwater:Groundwater:Biofilm
SRR1145266,root:Host-associated:Human:Digestive system:Oral:Saliva
SRR1145306,root:Host-associated:Human:Digestive system:Oral:Saliva
SRR4302567,root:Host-associated:Human:Respiratory system:Nasopharyngeal:Pharynx
SRR3633027,root:Environmental:Aquatic:Marine:Intertidal zone:Coral reef
SRR2242571,root:Host-associated:Mammals:Digestive system:Stomach:Rumen
SRR1930468,root:Environmental:Aquatic:Freshwater:Groundwater:Biofilm
ERR441927,root:Host-associated:Human:Digestive system:Oral:tongue dorsum
ERR441267,root:Host-associated:Human:Digestive system:Oral:tongue dorsum
SRR6507554,root:Host-associated:Human:Respiratory system:Nasopharyngeal:Nasal cavity
ERR2842124,root:Host-associated:Human:Respiratory system:Nasopharyngeal:Pharynx
ERR481699,root:Host-associated:Human:Digestive system:Large intestine:Fecal
SRR5003297,root:Environmental:Aquatic:Freshwater:Groundwater:Biofilm
ERR441544,root:Host-associated:Human:Digestive system:Oral:tongue dorsum
ERR2724915,root:Host-associated:Mammals:Digestive system:Stomach:Rumen
SRR5002820,root:Environmental:Aquatic:Freshwater:Groundwater:Biofilm
ERR2816983,root:Environmental:Aquatic:Marine:Intertidal zone:Coral reef
SRR6745951,root:Environmental:Aquatic:Marine:Coastal:Sediment
ERR2724575,root:Host-associated:Mammals:Digestive system:Stomach:Rumen
ERR1583462,root:Environmental:Aquatic:Freshwater:Wetlands:Bog
SRR5003192,root:Environmental:Aquatic:Freshwater:Groundwater:Biofilm
SRR5188837,root:Host-associated:Human:Respiratory system:Nasopharyngeal:Nasal cavity
SRR5189510,root:Host-associated:Human:Respiratory system:Nasopharyngeal:Nasal cavity
SRR3633407,root:Environmental:Aquatic:Marine:Intertidal zone:Coral reef
SRR7078442,root:Host-associated:Birds:Digestive system:Digestive tube:Cecum
SRR5189476,root:Host-associated:Human:Respiratory system:Nasopharyngeal:Nasal cavity
SRR5003356,root:Environmental:Aquatic:Freshwater:Groundwater:Biofilm
SRR3633343,root:Environmental:Aquatic:Marine:Intertidal zone:Coral reef
ERR2816949,root:Environmental:Aquatic:Marine:Intertidal zone:Coral reef
ERR441412,root:Host-associated:Human:Digestive system:Oral:tongue dorsum
SRR4303186,root:Host-associated:Human:Respiratory system:Nasopharyngeal:Pharynx
SRR8553218,root:Host-associated:Mammals:Digestive system:Large intestine:Cecum
ERR1583401,root:Environmental:Aquatic:Freshwater:Wetlands:Bog
ERR1582342,root:Environmental:Aquatic:Freshwater:Wetlands:Bog
ERR2816485,root:Environmental:Aquatic:Marine:Intertidal zone:Coral reef
ERR1582053,root:Environmental:Aquatic:Freshwater:Wetlands:Bog
SRR1581192,root:Host-associated:Human:Digestive system:Oral:Saliva
SRR1221617,root:Environmental:Aquatic:Marine:Hydrothermal vents:Sediment
ERR1341884,root:Environmental:Aquatic:Marine:Intertidal zone:Coral reef
ERR1582325,root:Environmental:Aquatic:Freshwater:Wetlands:Bog
SRR3096249,root:Environmental:Aquatic:Marine:Oceanic:Sediment
ERR2715389,root:Environmental:Aquatic:Freshwater:Lentic:Sediment
ERR1582809,root:Environmental:Aquatic:Freshwater:Wetlands:Bog
ERR2486249,root:Host-associated:Birds:Digestive system:Digestive tube:Cecum
ERR1582290,root:Environmental:Aquatic:Freshwater:Wetlands:Bog
ERR2486287,root:Host-associated:Birds:Digestive system:Digestive tube:Cecum
SRR3633240,root:Environmental:Aquatic:Marine:Intertidal zone:Coral reef
ERR479308,root:Host-associated:Mammals:Digestive system:Large intestine:Fecal
SRR6465064,root:Host-associated:Human:Digestive system:Oral:Saliva
SRR7078597,root:Host-associated:Birds:Digestive system:Digestive tube:Cecum
ERR441825,root:Host-associated:Human:Digestive system:Oral:tongue dorsum
ERR441124,root:Host-associated:Human:Digestive system:Oral:tongue dorsum
SRR6464947,root:Host-associated:Human:Digestive system:Oral:Saliva
ERR2725456,root:Host-associated:Mammals:Digestive system:Stomach:Rumen
SRR8553416,root:Host-associated:Mammals:Digestive system:Large intestine:Cecum
SRR8553410,root:Host-associated:Mammals:Digestive system:Large intestine:Cecum
SRR3632949,root:Environmental:Aquatic:Marine:Intertidal zone:Coral reef
ERR2816812,root:Environmental:Aquatic:Marine:Intertidal zone:Coral reef
SRR1583656,root:Host-associated:Human:Digestive system:Oral:Saliva
SRR5189374,root:Host-associated:Human:Respiratory system:Nasopharyngeal:Nasal cavity
SRR7078211,root:Host-associated:Birds:Digestive system:Digestive tube:Cecum
SRR3624633,root:Environmental:Aquatic:Marine:Intertidal zone:Coral reef
SRR6507714,root:Host-associated:Human:Respiratory system:Nasopharyngeal:Nasal cavity
SRR7078449,root:Host-associated:Birds:Digestive system:Digestive tube:Cecum
ERZ474581,root:Host-associated:Human:Digestive system:Oral:Saliva
SRR1930420,root:Environmental:Aquatic:Freshwater:Groundwater:Biofilm
SRR3453161,root:Environmental:Aquatic:Non-marine Saline and Alkaline:Hypersaline:Sediment
DRR065546,root:Environmental:Aquatic:Marine:Coastal:Sediment
DRR084351,root:Environmental:Aquatic:Marine:Coastal:Sediment
ERR1582681,root:Environmental:Aquatic:Freshwater:Wetlands:Bog
SRR3420129,root:Host-associated:Mammals:Digestive system:Stomach:Rumen
SRR6464921,root:Host-associated:Human:Digestive system:Oral:Saliva
ERR2816424,root:Environmental:Aquatic:Marine:Intertidal zone:Coral reef
SRR3426459,root:Host-associated:Mammals:Digestive system:Stomach:Rumen
ERR2211792,root:Environmental:Aquatic:Freshwater:Groundwater:Biofilm
ERR2816638,root:Environmental:Aquatic:Marine:Intertidal zone:Coral reef
SRR4302644,root:Host-associated:Human:Respiratory system:Nasopharyngeal:Pharynx
SRR5002901,root:Environmental:Aquatic:Freshwater:Groundwater:Biofilm
ERR2842584,root:Host-associated:Human:Respiratory system:Nasopharyngeal:Pharynx
ERR2842575,root:Host-associated:Human:Respiratory system:Nasopharyngeal:Pharynx
SRR5002996,root:Environmental:Aquatic:Freshwater:Groundwater:Biofilm
SRR8114096,root:Host-associated:Human:Digestive system:Large intestine:Fecal
ERR3046500,root:Host-associated:Human:Digestive system:Large intestine:Fecal
SRR2713136,root:Environmental:Aquatic:Marine:Coastal:Sediment
ERR1582390,root:Environmental:Aquatic:Freshwater:Wetlands:Bog
SRR7078280,root:Host-associated:Birds:Digestive system:Digestive tube:Cecum
ERR2817041,root:Environmental:Aquatic:Marine:Intertidal zone:Coral reef
ERR2725372,root:Host-associated:Mammals:Digestive system:Stomach:Rumen
SRR5227115,root:Environmental:Aquatic:Marine:Coastal:Sediment
SRR13489142,root:Environmental:Aquatic:Freshwater:Pond:Sediment
SRR2242653,root:Host-associated:Mammals:Digestive system:Stomach:Rumen
ERR2233263,root:Environmental:Aquatic:Marine:Oceanic:Sediment
SRR1145384,root:Host-associated:Human:Digestive system:Oral:Saliva
ERR1582756,root:Environmental:Aquatic:Freshwater:Wetlands:Bog
ERR1582975,root:Environmental:Aquatic:Freshwater:Wetlands:Bog
DRR139313,root:Host-associated:Human:Digestive system:Oral:tongue dorsum
SRR4304320,root:Host-associated:Human:Respiratory system:Nasopharyngeal:Pharynx
ERR2816783,root:Environmental:Aquatic:Marine:Intertidal zone:Coral reef
SRR6507529,root:Host-associated:Human:Respiratory system:Nasopharyngeal:Nasal cavity
SRR2242489,root:Host-associated:Mammals:Digestive system:Stomach:Rumen
SRR6444996,root:Host-associated:Human:Digestive system:Large intestine:Fecal
SRR6507789,root:Host-associated:Human:Respiratory system:Nasopharyngeal:Nasal cavity
SRR8553211,root:Host-associated:Mammals:Digestive system:Large intestine:Cecum
ERR441710,root:Host-associated:Human:Digestive system:Oral:tongue dorsum
SRR8553450,root:Host-associated:Mammals:Digestive system:Large intestine:Cecum
SRR6465301,root:Host-associated:Human:Digestive system:Oral:Saliva
SRR5800760,root:Environmental:Aquatic:Marine:Intertidal zone:Coral reef
SRR5003043,root:Environmental:Aquatic:Freshwater:Groundwater:Biofilm
ERR2842453,root:Host-associated:Human:Respiratory system:Nasopharyngeal:Pharynx
ERR2211826,root:Environmental:Aquatic:Freshwater:Groundwater:Biofilm
SRR5185817,root:Host-associated:Human:Respiratory system:Nasopharyngeal:Nasal cavity
SRR4303031,root:Host-associated:Human:Respiratory system:Nasopharyngeal:Pharynx
SRR8057633,root:Host-associated:Human:Digestive system:Large intestine:Fecal
SRR3633324,root:Environmental:Aquatic:Marine:Intertidal zone:Coral reef
ERR481854,root:Host-associated:Human:Digestive system:Large intestine:Fecal
SRR4304070,root:Host-associated:Human:Respiratory system:Nasopharyngeal:Pharynx
ERR1523980,root:Environmental:Aquatic:Marine:Oceanic:Sediment
ERR2486193,root:Host-associated:Birds:Digestive system:Digestive tube:Cecum
ERR1583210,root:Environmental:Aquatic:Freshwater:Wetlands:Bog
SRR3420123,root:Host-associated:Mammals:Digestive system:Stomach:Rumen
SRR3034391,root:Host-associated:Human:Digestive system:Oral:Saliva
SRR8553503,root:Host-associated:Mammals:Digestive system:Large intestine:Cecum
ERR1583452,root:Environmental:Aquatic:Freshwater:Wetlands:Bog
ERR2726208,root:Host-associated:Mammals:Digestive system:Stomach:Rumen
ERR1583287,root:Environmental:Aquatic:Freshwater:Wetlands:Bog
SRR4304076,root:Host-associated:Human:Respiratory system:Nasopharyngeal:Pharynx
SRR2297172,root:Environmental:Aquatic:Marine:Coastal:Sediment
DRR139227,root:Host-associated:Human:Digestive system:Oral:tongue dorsum
SRR4303066,root:Host-associated:Human:Respiratory system:Nasopharyngeal:Pharynx
DRR161901,root:Host-associated:Human:Digestive system:Oral:tongue dorsum
SRR3633353,root:Environmental:Aquatic:Marine:Intertidal zone:Coral reef
DRR161804,root:Host-associated:Human:Digestive system:Oral:tongue dorsum
SRR1930732,root:Environmental:Aquatic:Freshwater:Groundwater:Biofilm
SRR4302820,root:Host-associated:Human:Respiratory system:Nasopharyngeal:Pharynx
SRR6365020,root:Host-associated:Human:Digestive system:Oral:Saliva
DRR161863,root:Host-associated:Human:Digestive system:Oral:tongue dorsum
SRR1178629,root:Host-associated:Mammals:Digestive system:Stomach:Rumen
DRR161882,root:Host-associated:Human:Digestive system:Oral:tongue dorsum
SRR6507808,root:Host-associated:Human:Respiratory system:Nasopharyngeal:Nasal cavity
SRR4303784,root:Host-associated:Human:Respiratory system:Nasopharyngeal:Pharynx
ERR1582719,root:Environmental:Aquatic:Freshwater:Wetlands:Bog
SRR1930268,root:Environmental:Aquatic:Freshwater:Groundwater:Biofilm
SRR4303265,root:Host-associated:Human:Respiratory system:Nasopharyngeal:Pharynx
ERR2726319,root:Host-associated:Mammals:Digestive system:Stomach:Rumen
SRR5188472,root:Host-associated:Human:Respiratory system:Nasopharyngeal:Nasal cavity
ERR441925,root:Host-associated:Human:Digestive system:Oral:tongue dorsum
SRR5688103,root:Host-associated:Human:Digestive system:Large intestine:Fecal
ERR2816605,root:Environmental:Aquatic:Marine:Intertidal zone:Coral reef
SRR1744309,root:Environmental:Aquatic:Marine:Coastal:Sediment
ERZ2916038,root:Host-associated:Birds:Digestive system:Digestive tube:Cecum
SRR1178568,root:Host-associated:Mammals:Digestive system:Stomach:Rumen
SRR4303411,root:Host-associated:Human:Respiratory system:Nasopharyngeal:Pharynx
SRR8553544,root:Host-associated:Mammals:Digestive system:Large intestine:Cecum
SRR7078367,root:Host-associated:Birds:Digestive system:Digestive tube:Cecum
ERR2222901,root:Host-associated:Birds:Digestive system:Digestive tube:Cecum
SRR6507722,root:Host-associated:Human:Respiratory system:Nasopharyngeal:Nasal cavity
ERZ13657819,root:Host-associated:Mammals:Digestive system:Large intestine:Cecum
DRR161535,root:Host-associated:Human:Digestive system:Oral:tongue dorsum
ERR2725919,root:Host-associated:Mammals:Digestive system:Stomach:Rumen
ERR2725555,root:Host-associated:Mammals:Digestive system:Stomach:Rumen
ERR441147,root:Host-associated:Human:Digestive system:Oral:tongue dorsum
ERR2842076,root:Host-associated:Human:Respiratory system:Nasopharyngeal:Pharynx
ERR2816915,root:Environmental:Aquatic:Marine:Intertidal zone:Coral reef
ERR2849349,root:Host-associated:Human:Digestive system:Large intestine:Fecal
SRR3624254,root:Environmental:Aquatic:Marine:Intertidal zone:Coral reef
SRR1929820,root:Environmental:Aquatic:Marine:Intertidal zone:Coral reef
OHSQ01,root:Host-associated:Human:Digestive system:Large intestine:Fecal
ERR2724082,root:Host-associated:Mammals:Digestive system:Stomach:Rumen
ERR2816792,root:Environmental:Aquatic:Marine:Intertidal zone:Coral reef
ERR1583315,root:Environmental:Aquatic:Freshwater:Wetlands:Bog
SRR1644713,root:Host-associated:Mammals:Digestive system:Large intestine:Fecal
SRR3426473,root:Host-associated:Mammals:Digestive system:Stomach:Rumen
SRR6465472,root:Host-associated:Human:Digestive system:Oral:Saliva
ERR2222854,root:Host-associated:Birds:Digestive system:Digestive tube:Cecum
ERR2725562,root:Host-associated:Mammals:Digestive system:Stomach:Rumen
ERR1582868,root:Environmental:Aquatic:Freshwater:Wetlands:Bog
ERR1582876,root:Environmental:Aquatic:Freshwater:Wetlands:Bog
ERR1582135,root:Environmental:Aquatic:Freshwater:Wetlands:Bog
SRR4303398,root:Host-associated:Human:Respiratory system:Nasopharyngeal:Pharynx
ERR3593647,root:Host-associated:Human:Digestive system:Large intestine:Fecal
SRR6507810,root:Host-associated:Human:Respiratory system:Nasopharyngeal:Nasal cavity
DRR161847,root:Host-associated:Human:Digestive system:Oral:tongue dorsum
SRR5185720,root:Host-associated:Human:Respiratory system:Nasopharyngeal:Nasal cavity
SRR3426517,root:Host-associated:Mammals:Digestive system:Stomach:Rumen
SRR1286288,root:Environmental:Aquatic:Freshwater:Lentic:Sediment
SRR1611610,root:Environmental:Aquatic:Marine:Intertidal zone:Sediment
ERR2724635,root:Host-associated:Mammals:Digestive system:Stomach:Rumen
SRR3426434,root:Host-associated:Mammals:Digestive system:Stomach:Rumen
SRR5626095,root:Environmental:Aquatic:Freshwater:Lotic:Sediment
SRR6746205,root:Environmental:Aquatic:Marine:Coastal:Sediment
ERR441637,root:Host-associated:Human:Digestive system:Oral:tongue dorsum
ERR1582051,root:Environmental:Aquatic:Freshwater:Wetlands:Bog
SRR1819795,root:Environmental:Aquatic:Freshwater:Lentic:Sediment
SRR4303101,root:Host-associated:Human:Respiratory system:Nasopharyngeal:Pharynx
ERR2816969,root:Environmental:Aquatic:Marine:Intertidal zone:Coral reef
SRR6804718,root:Environmental:Aquatic:Freshwater:Lentic:Sediment
ERR2724113,root:Host-associated:Mammals:Digestive system:Stomach:Rumen
ERR1583077,root:Environmental:Aquatic:Freshwater:Wetlands:Bog
ERR2842487,root:Host-associated:Human:Respiratory system:Nasopharyngeal:Pharynx
ERR2715201,root:Environmental:Aquatic:Freshwater:Lentic:Sediment
DRR161632,root:Host-associated:Human:Digestive system:Oral:tongue dorsum
SRR4303135,root:Host-associated:Human:Respiratory system:Nasopharyngeal:Pharynx
SRR2242457,root:Host-associated:Mammals:Digestive system:Stomach:Rumen
ERR441120,root:Host-associated:Human:Digestive system:Oral:tongue dorsum
SRR5003054,root:Environmental:Aquatic:Freshwater:Groundwater:Biofilm
ERZ1674061,root:Host-associated:Human:Digestive system:Oral:Saliva
SRR7501772,root:Host-associated:Human:Digestive system:Large intestine:Fecal
SRR1740581,root:Environmental:Aquatic:Marine:Oceanic:Sediment
SRR3633370,root:Environmental:Aquatic:Marine:Intertidal zone:Coral reef
ERZ501491,root:Host-associated:Human:Digestive system:Large intestine:Fecal
ERR2816768,root:Environmental:Aquatic:Marine:Intertidal zone:Coral reef
ERR3592866,root:Host-associated:Human:Digestive system:Large intestine:Fecal
SRR6465614,root:Host-associated:Human:Digestive system:Oral:Saliva
SRR1927903,root:Environmental:Aquatic:Marine:Intertidal zone:Coral reef
ERR441926,root:Host-associated:Human:Digestive system:Oral:tongue dorsum
SRR5003368,root:Environmental:Aquatic:Freshwater:Groundwater:Biofilm
ERR1582551,root:Environmental:Aquatic:Freshwater:Wetlands:Bog
ERR1582330,root:Environmental:Aquatic:Freshwater:Wetlands:Bog
ERR1582285,root:Environmental:Aquatic:Freshwater:Wetlands:Bog
ERR560972,root:Host-associated:Human:Digestive system:Large intestine:Fecal
ERR2842166,root:Host-associated:Human:Respiratory system:Nasopharyngeal:Pharynx
ERZ1688062,root:Host-associated:Human:Digestive system:Large intestine:Fecal
SRR1461273,root:Host-associated:Human:Digestive system:Large intestine:Fecal
SRR8553267,root:Host-associated:Mammals:Digestive system:Large intestine:Cecum
SRR6746213,root:Environmental:Aquatic:Marine:Coastal:Sediment
ERR1255782,root:Host-associated:Human:Digestive system:Oral:Saliva
ERR2725441,root:Host-associated:Mammals:Digestive system:Stomach:Rumen
DRR139497,root:Host-associated:Human:Digestive system:Oral:tongue dorsum
SRR3633462,root:Environmental:Aquatic:Marine:Intertidal zone:Coral reef
DRR013836,root:Host-associated:Mammals:Digestive system:Large intestine:Cecum
ERR2725307,root:Host-associated:Mammals:Digestive system:Stomach:Rumen
ERR2816831,root:Environmental:Aquatic:Marine:Intertidal zone:Coral reef
SRR5002892,root:Environmental:Aquatic:Freshwater:Groundwater:Biofilm
SRR6465599,root:Host-associated:Human:Digestive system:Oral:Saliva
SRR1930419,root:Environmental:Aquatic:Freshwater:Groundwater:Biofilm
ERR2842666,root:Host-associated:Human:Respiratory system:Nasopharyngeal:Pharynx
ERR441255,root:Host-associated:Human:Digestive system:Oral:tongue dorsum
ERZ1689451,root:Host-associated:Mammals:Digestive system:Large intestine:Fecal
SRR7078625,root:Host-associated:Birds:Digestive system:Digestive tube:Cecum
SRR5189347,root:Host-associated:Human:Respiratory system:Nasopharyngeal:Nasal cavity
ERR1582073,root:Environmental:Aquatic:Freshwater:Wetlands:Bog
SRR2242164,root:Host-associated:Mammals:Digestive system:Stomach:Rumen
ERR2816716,root:Environmental:Aquatic:Marine:Intertidal zone:Coral reef
SRR6465170,root:Host-associated:Human:Digestive system:Oral:Saliva
ERR441844,root:Host-associated:Human:Digestive system:Oral:tongue dorsum
SRR6298787,root:Host-associated:Human:Digestive system:Large intestine:Fecal
SRR6054526,root:Host-associated:Human:Digestive system:Large intestine:Fecal
ERR2842132,root:Host-associated:Human:Respiratory system:Nasopharyngeal:Pharynx
SRR5434029,root:Environmental:Aquatic:Freshwater:Groundwater:Biofilm
ERR441224,root:Host-associated:Human:Digestive system:Oral:tongue dorsum
SRR3633237,root:Environmental:Aquatic:Marine:Intertidal zone:Coral reef
SRR3420240,root:Host-associated:Mammals:Digestive system:Stomach:Rumen
ERR2816414,root:Environmental:Aquatic:Marine:Intertidal zone:Coral reef
SRR7078730,root:Host-associated:Birds:Digestive system:Digestive tube:Cecum
ERR2486319,root:Host-associated:Birds:Digestive system:Digestive tube:Cecum
SRR6507459,root:Host-associated:Human:Respiratory system:Nasopharyngeal:Nasal cavity
SRR5185630,root:Host-associated:Human:Respiratory system:Nasopharyngeal:Nasal cavity
SRR5434016,root:Environmental:Aquatic:Freshwater:Groundwater:Biofilm
SRR3426887,root:Host-associated:Mammals:Digestive system:Stomach:Rumen
SRR6507669,root:Host-associated:Human:Respiratory system:Nasopharyngeal:Nasal cavity
SRR5189526,root:Host-associated:Human:Respiratory system:Nasopharyngeal:Nasal cavity
ERR441739,root:Host-associated:Human:Digestive system:Oral:tongue dorsum
DRR161496,root:Host-associated:Human:Digestive system:Oral:tongue dorsum
SRR7078708,root:Host-associated:Birds:Digestive system:Digestive tube:Cecum
SRR4304024,root:Host-associated:Human:Respiratory system:Nasopharyngeal:Pharynx
SRR6465567,root:Host-associated:Human:Digestive system:Oral:Saliva
SRR5185657,root:Host-associated:Human:Respiratory system:Nasopharyngeal:Nasal cavity
SRR5003013,root:Environmental:Aquatic:Freshwater:Groundwater:Biofilm
SRR2297122,root:Environmental:Aquatic:Marine:Coastal:Sediment
ERR2715212,root:Environmental:Aquatic:Freshwater:Lentic:Sediment
ERR2725560,root:Host-associated:Mammals:Digestive system:Stomach:Rumen
ERR1582190,root:Environmental:Aquatic:Freshwater:Wetlands:Bog
DRR139462,root:Host-associated:Human:Digestive system:Oral:tongue dorsum
SRR4303671,root:Host-associated:Human:Respiratory system:Nasopharyngeal:Pharynx
ERR2715251,root:Environmental:Aquatic:Freshwater:Lentic:Sediment
ERR3005973,root:Host-associated:Human:Digestive system:Large intestine:Fecal
SRR3624394,root:Environmental:Aquatic:Marine:Intertidal zone:Coral reef
SRR3624248,root:Environmental:Aquatic:Marine:Intertidal zone:Coral reef
SRR4304191,root:Host-associated:Human:Respiratory system:Nasopharyngeal:Pharynx
ERR2486337,root:Host-associated:Birds:Digestive system:Digestive tube:Cecum
ERR1582035,root:Environmental:Aquatic:Freshwater:Wetlands:Bog
ERR2726145,root:Host-associated:Mammals:Digestive system:Stomach:Rumen
SRR6443942,root:Host-associated:Human:Digestive system:Large intestine:Fecal
ERR2486298,root:Host-associated:Birds:Digestive system:Digestive tube:Cecum
ERR1583304,root:Environmental:Aquatic:Freshwater:Wetlands:Bog
SRR4304114,root:Host-associated:Human:Respiratory system:Nasopharyngeal:Pharynx
SRR5003101,root:Environmental:Aquatic:Freshwater:Groundwater:Biofilm
SRR5185667,root:Host-associated:Human:Respiratory system:Nasopharyngeal:Nasal cavity
SRR5186005,root:Host-associated:Human:Respiratory system:Nasopharyngeal:Nasal cavity
SRR7078454,root:Host-associated:Birds:Digestive system:Digestive tube:Cecum
ERR1582083,root:Environmental:Aquatic:Freshwater:Wetlands:Bog
SRR5434002,root:Environmental:Aquatic:Freshwater:Groundwater:Biofilm
SRR6507640,root:Host-associated:Human:Respiratory system:Nasopharyngeal:Nasal cavity
SRR7078608,root:Host-associated:Birds:Digestive system:Digestive tube:Cecum
ERR2725694,root:Host-associated:Mammals:Digestive system:Stomach:Rumen
SRR4304137,root:Host-associated:Human:Respiratory system:Nasopharyngeal:Pharynx
SRR4303368,root:Host-associated:Human:Respiratory system:Nasopharyngeal:Pharynx
SRR5185621,root:Host-associated:Human:Respiratory system:Nasopharyngeal:Nasal cavity
ERR2842458,root:Host-associated:Human:Respiratory system:Nasopharyngeal:Pharynx
DRR084414,root:Environmental:Aquatic:Marine:Coastal:Sediment
ERR2816861,root:Environmental:Aquatic:Marine:Intertidal zone:Coral reef
SRR5188831,root:Host-associated:Human:Respiratory system:Nasopharyngeal:Nasal cavity
ERR2842619,root:Host-associated:Human:Respiratory system:Nasopharyngeal:Pharynx
SRR2025509,root:Host-associated:Human:Digestive system:Large intestine:Fecal
SRR7771366,root:Environmental:Aquatic:Marine:Wetlands:Sediment
SRR4303872,root:Host-associated:Human:Respiratory system:Nasopharyngeal:Pharynx
SRR5433992,root:Environmental:Aquatic:Freshwater:Groundwater:Biofilm
ERR2816470,root:Environmental:Aquatic:Marine:Intertidal zone:Coral reef
ERR2816408,root:Environmental:Aquatic:Marine:Intertidal zone:Coral reef
DRR029192,root:Host-associated:Human:Digestive system:Oral:Saliva
SRR2025515,root:Host-associated:Human:Digestive system:Large intestine:Fecal
ERR2724463,root:Host-associated:Mammals:Digestive system:Stomach:Rumen
ERR441343,root:Host-associated:Human:Digestive system:Oral:tongue dorsum
SRR5003006,root:Environmental:Aquatic:Freshwater:Groundwater:Biofilm
ERR441593,root:Host-associated:Human:Digestive system:Oral:tongue dorsum
SRR1930435,root:Environmental:Aquatic:Freshwater:Groundwater:Biofilm
DRR161856,root:Host-associated:Human:Digestive system:Oral:tongue dorsum
SRR6465510,root:Host-associated:Human:Digestive system:Oral:Saliva
DRR139251,root:Host-associated:Human:Digestive system:Oral:tongue dorsum
SRR5184500,root:Host-associated:Human:Respiratory system:Nasopharyngeal:Nasal cavity
ERR2816946,root:Environmental:Aquatic:Marine:Intertidal zone:Coral reef
ERR756754,root:Host-associated:Mammals:Digestive system:Large intestine:Fecal
ERR1598286,root:Host-associated:Human:Digestive system:Large intestine:Fecal
SRR6507742,root:Host-associated:Human:Respiratory system:Nasopharyngeal:Nasal cavity
SRR2104557,root:Environmental:Aquatic:Freshwater:Lotic:Sediment
ERR444272,root:Host-associated:Human:Digestive system:Large intestine:Fecal
SRR4303389,root:Host-associated:Human:Respiratory system:Nasopharyngeal:Pharynx
SRR5189473,root:Host-associated:Human:Respiratory system:Nasopharyngeal:Nasal cavity
SRR2242447,root:Host-associated:Mammals:Digestive system:Stomach:Rumen
SRR3427082,root:Host-associated:Mammals:Digestive system:Stomach:Rumen
DRR013837,root:Host-associated:Mammals:Digestive system:Large intestine:Cecum
ERR1583184,root:Environmental:Aquatic:Freshwater:Wetlands:Bog
ERR1582023,root:Environmental:Aquatic:Freshwater:Wetlands:Bog
SRR4302854,root:Host-associated:Human:Respiratory system:Nasopharyngeal:Pharynx
SRR3426349,root:Host-associated:Mammals:Digestive system:Stomach:Rumen
SRR1930302,root:Environmental:Aquatic:Freshwater:Groundwater:Biofilm
ERR1582668,root:Environmental:Aquatic:Freshwater:Wetlands:Bog
SRR5189844,root:Host-associated:Human:Respiratory system:Nasopharyngeal:Nasal cavity
ERR441212,root:Host-associated:Human:Digestive system:Oral:tongue dorsum
SRR4303408,root:Host-associated:Human:Respiratory system:Nasopharyngeal:Pharynx
SRR3426679,root:Host-associated:Mammals:Digestive system:Stomach:Rumen
SRR3479897,root:Environmental:Aquatic:Freshwater:Groundwater:Biofilm
ERR2816490,root:Environmental:Aquatic:Marine:Intertidal zone:Coral reef
ERR443954,root:Host-associated:Human:Digestive system:Large intestine:Fecal
SRR6465900,root:Host-associated:Human:Digestive system:Oral:Saliva
SRR5002875,root:Environmental:Aquatic:Freshwater:Groundwater:Biofilm
DRR161860,root:Host-associated:Human:Digestive system:Oral:tongue dorsum
SRR5189410,root:Host-associated:Human:Respiratory system:Nasopharyngeal:Nasal cavity
SRR7078581,root:Host-associated:Birds:Digestive system:Digestive tube:Cecum
SRR4303386,root:Host-associated:Human:Respiratory system:Nasopharyngeal:Pharynx
SRR5003277,root:Environmental:Aquatic:Freshwater:Groundwater:Biofilm
ERR2486120,root:Host-associated:Birds:Digestive system:Digestive tube:Cecum
ERR1523977,root:Environmental:Aquatic:Marine:Oceanic:Sediment
SRR4304139,root:Host-associated:Human:Respiratory system:Nasopharyngeal:Pharynx
ERR1583448,root:Environmental:Aquatic:Freshwater:Wetlands:Bog
DRR139243,root:Host-associated:Human:Digestive system:Oral:tongue dorsum
ERR1583446,root:Environmental:Aquatic:Freshwater:Wetlands:Bog
ERR441309,root:Host-associated:Human:Digestive system:Oral:tongue dorsum
ERR1989130,root:Environmental:Aquatic:Freshwater:Lentic:Sediment
DRR139503,root:Host-associated:Human:Digestive system:Oral:tongue dorsum
SRR4408772,root:Environmental:Aquatic:Marine:Oceanic:Sediment
ERR1583258,root:Environmental:Aquatic:Freshwater:Wetlands:Bog
ERR1582256,root:Environmental:Aquatic:Freshwater:Wetlands:Bog
ERR441442,root:Host-associated:Human:Digestive system:Oral:tongue dorsum
ERR107122,root:Host-associated:Human:Digestive system:Oral:Saliva
ERZ1764739,root:Host-associated:Human:Digestive system:Large intestine:Fecal
SRR2922386,root:Environmental:Aquatic:Freshwater:Lentic:Sediment
ERR1582736,root:Environmental:Aquatic:Freshwater:Wetlands:Bog
SRR6264191,root:Host-associated:Human:Digestive system:Large intestine:Fecal
ERZ1689407,root:Host-associated:Mammals:Digestive system:Large intestine:Fecal
SRR1930506,root:Environmental:Aquatic:Freshwater:Groundwater:Biofilm
SRR5002914,root:Environmental:Aquatic:Freshwater:Groundwater:Biofilm
ERZ1757401,root:Host-associated:Human:Digestive system:Oral:Saliva
ERR1582382,root:Environmental:Aquatic:Freshwater:Wetlands:Bog
ERZ767009,root:Environmental:Aquatic:Marine:Coastal:Sediment
SRR1930653,root:Environmental:Aquatic:Freshwater:Groundwater:Biofilm
SRR3633377,root:Environmental:Aquatic:Marine:Intertidal zone:Coral reef
SRR6465141,root:Host-associated:Human:Digestive system:Oral:Saliva
SRR2297167,root:Environmental:Aquatic:Marine:Coastal:Sediment
SRR6746476,root:Environmental:Aquatic:Marine:Coastal:Sediment
DRR161473,root:Host-associated:Human:Digestive system:Oral:tongue dorsum
SRR1221584,root:Environmental:Aquatic:Marine:Hydrothermal vents:Sediment
SRR1930544,root:Environmental:Aquatic:Freshwater:Groundwater:Biofilm
ERR107123,root:Host-associated:Human:Digestive system:Oral:Saliva
SRR1145292,root:Host-associated:Human:Digestive system:Oral:Saliva
ERR561055,root:Host-associated:Human:Digestive system:Large intestine:Fecal
SRR5113071,root:Environmental:Aquatic:Marine:Intertidal zone:Coral reef
ERR3046526,root:Host-associated:Human:Digestive system:Large intestine:Fecal
DRR161505,root:Host-associated:Human:Digestive system:Oral:tongue dorsum
ERR2816637,root:Environmental:Aquatic:Marine:Intertidal zone:Coral reef
SRR8553079,root:Host-associated:Mammals:Digestive system:Large intestine:Cecum
SRR4381506,root:Environmental:Aquatic:Freshwater:Lotic:Sediment
SRR6507724,root:Host-associated:Human:Respiratory system:Nasopharyngeal:Nasal cavity
SRR5189877,root:Host-associated:Human:Respiratory system:Nasopharyngeal:Nasal cavity
SRR3426999,root:Host-associated:Mammals:Digestive system:Stomach:Rumen
ERR2842071,root:Host-associated:Human:Respiratory system:Nasopharyngeal:Pharynx
ERR2233279,root:Environmental:Aquatic:Marine:Oceanic:Sediment
ERR2725529,root:Host-associated:Mammals:Digestive system:Stomach:Rumen
SRR3632944,root:Environmental:Aquatic:Marine:Intertidal zone:Coral reef
SRR1930662,root:Environmental:Aquatic:Freshwater:Groundwater:Biofilm
ERZ653686,root:Host-associated:Human:Digestive system:Large intestine:Fecal
SRR5003313,root:Environmental:Aquatic:Freshwater:Groundwater:Biofilm
ERR441063,root:Host-associated:Human:Digestive system:Oral:tongue dorsum
ERR107001,root:Host-associated:Human:Digestive system:Oral:Saliva
ERR2816500,root:Environmental:Aquatic:Marine:Intertidal zone:Coral reef
SRR6465326,root:Host-associated:Human:Digestive system:Oral:Saliva
ERR107060,root:Host-associated:Human:Digestive system:Oral:Saliva
SRR5189452,root:Host-associated:Human:Respiratory system:Nasopharyngeal:Nasal cavity
ERR2816752,root:Environmental:Aquatic:Marine:Intertidal zone:Coral reef
ERR107057,root:Host-associated:Human:Digestive system:Oral:Saliva
SRR8553098,root:Host-associated:Mammals:Digestive system:Large intestine:Cecum
ERZ651113,root:Host-associated:Human:Digestive system:Oral:Saliva
SRR5189830,root:Host-associated:Human:Respiratory system:Nasopharyngeal:Nasal cavity
ERR107029,root:Host-associated:Human:Digestive system:Oral:Saliva
ERR1582078,root:Environmental:Aquatic:Freshwater:Wetlands:Bog
SRR7078328,root:Host-associated:Birds:Digestive system:Digestive tube:Cecum
SRR6465203,root:Host-associated:Human:Digestive system:Oral:Saliva
SRR6804710,root:Environmental:Aquatic:Freshwater:Lentic:Sediment
SRR3624205,root:Environmental:Aquatic:Marine:Intertidal zone:Coral reef
SRR6465590,root:Host-associated:Human:Digestive system:Oral:Saliva
SRR1289117,root:Host-associated:Human:Digestive system:Large intestine:Fecal
SRR5189518,root:Host-associated:Human:Respiratory system:Nasopharyngeal:Nasal cavity
ERR2842650,root:Host-associated:Human:Respiratory system:Nasopharyngeal:Pharynx
SRR6507396,root:Host-associated:Human:Respiratory system:Nasopharyngeal:Nasal cavity
ERR2286248,root:Host-associated:Human:Digestive system:Large intestine:Fecal
ERR1582336,root:Environmental:Aquatic:Freshwater:Wetlands:Bog
DRR139259,root:Host-associated:Human:Digestive system:Oral:tongue dorsum
SRR6465495,root:Host-associated:Human:Digestive system:Oral:Saliva
SRR7078675,root:Host-associated:Birds:Digestive system:Digestive tube:Cecum
SRR1930452,root:Environmental:Aquatic:Freshwater:Groundwater:Biofilm
SRR6465103,root:Host-associated:Human:Digestive system:Oral:Saliva
ERR2842452,root:Host-associated:Human:Respiratory system:Nasopharyngeal:Pharynx
SRR5287394,root:Host-associated:Mammals:Digestive system:Stomach:Rumen
SRR1930523,root:Environmental:Aquatic:Freshwater:Groundwater:Biofilm
SRR5189878,root:Host-associated:Human:Respiratory system:Nasopharyngeal:Nasal cavity
SRR3096248,root:Environmental:Aquatic:Marine:Oceanic:Sediment
SRR5852386,root:Environmental:Aquatic:Marine:Intertidal zone:Coral reef
SRR6746023,root:Environmental:Aquatic:Marine:Coastal:Sediment
DRR161619,root:Host-associated:Human:Digestive system:Oral:tongue dorsum
ERR1582374,root:Environmental:Aquatic:Freshwater:Wetlands:Bog
SRR5185801,root:Host-associated:Human:Respiratory system:Nasopharyngeal:Nasal cavity
ERR2715302,root:Environmental:Aquatic:Freshwater:Lentic:Sediment
SRR6148415,root:Host-associated:Human:Digestive system:Oral:Saliva
ERZ808035,root:Host-associated:Mammals:Digestive system:Large intestine:Fecal
SRR8553424,root:Host-associated:Mammals:Digestive system:Large intestine:Cecum
SRR5287256,root:Host-associated:Mammals:Digestive system:Stomach:Rumen
ERR441894,root:Host-associated:Human:Digestive system:Oral:tongue dorsum
SRR1927910,root:Environmental:Aquatic:Marine:Intertidal zone:Coral reef
ERR2842121,root:Host-associated:Human:Respiratory system:Nasopharyngeal:Pharynx
SRR3420146,root:Host-associated:Mammals:Digestive system:Stomach:Rumen
SRR2242418,root:Host-associated:Mammals:Digestive system:Stomach:Rumen
ERR441463,root:Host-associated:Human:Digestive system:Oral:tongue dorsum
ERR2816837,root:Environmental:Aquatic:Marine:Intertidal zone:Coral reef
SRR1351675,root:Environmental:Aquatic:Marine:Oceanic:Sediment
ERR2816990,root:Environmental:Aquatic:Marine:Intertidal zone:Coral reef
SRR6172336,root:Environmental:Aquatic:Marine:Coastal:Sediment
SRR7078253,root:Host-associated:Birds:Digestive system:Digestive tube:Cecum
ERR2715148,root:Environmental:Aquatic:Freshwater:Lentic:Sediment
DRR161834,root:Host-associated:Human:Digestive system:Oral:tongue dorsum
OLGB01,root:Host-associated:Human:Digestive system:Large intestine:Fecal
SRR5003109,root:Environmental:Aquatic:Freshwater:Groundwater:Biofilm
SRR6507805,root:Host-associated:Human:Respiratory system:Nasopharyngeal:Nasal cavity
DRR161798,root:Host-associated:Human:Digestive system:Oral:tongue dorsum
SRR5189831,root:Host-associated:Human:Respiratory system:Nasopharyngeal:Nasal cavity
DRR161621,root:Host-associated:Human:Digestive system:Oral:tongue dorsum
ERR2211811,root:Environmental:Aquatic:Freshwater:Groundwater:Biofilm
SRR5185642,root:Host-associated:Human:Respiratory system:Nasopharyngeal:Nasal cavity
SRR6264070,root:Host-associated:Human:Digestive system:Large intestine:Fecal
SRR5189223,root:Host-associated:Human:Respiratory system:Nasopharyngeal:Nasal cavity
SRR5699344,root:Host-associated:Human:Digestive system:Large intestine:Fecal
ERR2211813,root:Environmental:Aquatic:Freshwater:Groundwater:Biofilm
ERR2816790,root:Environmental:Aquatic:Marine:Intertidal zone:Coral reef
SRR1359874,root:Environmental:Aquatic:Marine:Intertidal zone:Coral reef
SRR5185789,root:Host-associated:Human:Respiratory system:Nasopharyngeal:Nasal cavity
SRR8553558,root:Host-associated:Mammals:Digestive system:Large intestine:Cecum
ERZ501336,root:Host-associated:Human:Digestive system:Large intestine:Fecal
SRR6746074,root:Environmental:Aquatic:Marine:Coastal:Sediment
SRR6038247,root:Host-associated:Human:Digestive system:Large intestine:Fecal
SRR5188876,root:Host-associated:Human:Respiratory system:Nasopharyngeal:Nasal cavity
ERR1583243,root:Environmental:Aquatic:Freshwater:Wetlands:Bog
SRR6507636,root:Host-associated:Human:Respiratory system:Nasopharyngeal:Nasal cavity
ERR2816517,root:Environmental:Aquatic:Marine:Intertidal zone:Coral reef
SRR7078392,root:Host-associated:Birds:Digestive system:Digestive tube:Cecum
SRR7078208,root:Host-associated:Birds:Digestive system:Digestive tube:Cecum
SRR5186031,root:Host-associated:Human:Respiratory system:Nasopharyngeal:Nasal cavity
ERR2726052,root:Host-associated:Mammals:Digestive system:Stomach:Rumen
SRR8553276,root:Host-associated:Mammals:Digestive system:Large intestine:Cecum
DRR139286,root:Host-associated:Human:Digestive system:Oral:tongue dorsum
DRR139588,root:Host-associated:Human:Digestive system:Oral:tongue dorsum
SRR8553061,root:Host-associated:Mammals:Digestive system:Large intestine:Cecum
SRR4303680,root:Host-associated:Human:Respiratory system:Nasopharyngeal:Pharynx
ERR1583444,root:Environmental:Aquatic:Freshwater:Wetlands:Bog
DRR161652,root:Host-associated:Human:Digestive system:Oral:tongue dorsum
SRR6465854,root:Host-associated:Human:Digestive system:Oral:Saliva
ERR1582489,root:Environmental:Aquatic:Freshwater:Wetlands:Bog
SRR5003034,root:Environmental:Aquatic:Freshwater:Groundwater:Biofilm
ERR1583230,root:Environmental:Aquatic:Freshwater:Wetlands:Bog
ERR2331031,root:Host-associated:Mammals:Digestive system:Large intestine:Cecum
ERR2842595,root:Host-associated:Human:Respiratory system:Nasopharyngeal:Pharynx
DRR139323,root:Host-associated:Human:Digestive system:Oral:tongue dorsum
SRR4304297,root:Host-associated:Human:Respiratory system:Nasopharyngeal:Pharynx
SRR4304104,root:Host-associated:Human:Respiratory system:Nasopharyngeal:Pharynx
ERR107002,root:Host-associated:Human:Digestive system:Oral:Saliva
SRR4303379,root:Host-associated:Human:Respiratory system:Nasopharyngeal:Pharynx
SRR4303958,root:Host-associated:Human:Respiratory system:Nasopharyngeal:Pharynx
SRR1239351,root:Environmental:Aquatic:Marine:Cold seeps:Sediment
SRR7078682,root:Host-associated:Birds:Digestive system:Digestive tube:Cecum
ERR482237,root:Host-associated:Human:Digestive system:Large intestine:Fecal
ERR2724968,root:Host-associated:Mammals:Digestive system:Stomach:Rumen
SRR8553421,root:Host-associated:Mammals:Digestive system:Large intestine:Cecum
SRR5184491,root:Host-associated:Human:Respiratory system:Nasopharyngeal:Nasal cavity
ERR2817064,root:Environmental:Aquatic:Marine:Intertidal zone:Coral reef
SRR4436292,root:Environmental:Aquatic:Marine:Coastal:Sediment
SRR2145627,root:Host-associated:Human:Digestive system:Large intestine:Fecal
SRR6507592,root:Host-associated:Human:Respiratory system:Nasopharyngeal:Nasal cavity
ERR1582645,root:Environmental:Aquatic:Freshwater:Wetlands:Bog
SRR5185612,root:Host-associated:Human:Respiratory system:Nasopharyngeal:Nasal cavity
SRR5433946,root:Environmental:Aquatic:Freshwater:Groundwater:Biofilm
ERR2211779,root:Environmental:Aquatic:Freshwater:Groundwater:Biofilm
SRR3479873,root:Environmental:Aquatic:Freshwater:Groundwater:Biofilm
SRR3633525,root:Environmental:Aquatic:Marine:Intertidal zone:Coral reef
DRR161906,root:Host-associated:Human:Digestive system:Oral:tongue dorsum
DRR161421,root:Host-associated:Human:Digestive system:Oral:tongue dorsum
SRR1930471,root:Environmental:Aquatic:Freshwater:Groundwater:Biofilm
ERR1583037,root:Environmental:Aquatic:Freshwater:Wetlands:Bog
SRR3589558,root:Environmental:Aquatic:Marine:Intertidal zone:Sediment
DRR139421,root:Host-associated:Human:Digestive system:Oral:tongue dorsum
SRR7078622,root:Host-associated:Birds:Digestive system:Digestive tube:Cecum
SRR3633499,root:Environmental:Aquatic:Marine:Intertidal zone:Coral reef
ERR2715391,root:Environmental:Aquatic:Freshwater:Lentic:Sediment
SRR2242276,root:Host-associated:Mammals:Digestive system:Stomach:Rumen
ERR1583364,root:Environmental:Aquatic:Freshwater:Wetlands:Bog
SRR7078557,root:Host-associated:Birds:Digestive system:Digestive tube:Cecum
SRR4304248,root:Host-associated:Human:Respiratory system:Nasopharyngeal:Pharynx
SRR6365028,root:Host-associated:Human:Digestive system:Oral:Saliva
SRR5002965,root:Environmental:Aquatic:Freshwater:Groundwater:Biofilm
SRR3633231,root:Environmental:Aquatic:Marine:Intertidal zone:Coral reef
SRR3624184,root:Environmental:Aquatic:Marine:Intertidal zone:Coral reef
ERR107220,root:Host-associated:Human:Digestive system:Oral:Saliva
ERR2200661,root:Host-associated:Mammals:Digestive system:Foregut:Rumen
DRR018739,root:Host-associated:Human:Digestive system:Oral:Saliva
SRR1461299,root:Host-associated:Human:Digestive system:Large intestine:Fecal
ERR2842665,root:Host-associated:Human:Respiratory system:Nasopharyngeal:Pharynx
SRR4303557,root:Host-associated:Human:Respiratory system:Nasopharyngeal:Pharynx
ERR1582579,root:Environmental:Aquatic:Freshwater:Wetlands:Bog
SRR4303519,root:Host-associated:Human:Respiratory system:Nasopharyngeal:Pharynx
SRR5184486,root:Host-associated:Human:Respiratory system:Nasopharyngeal:Nasal cavity
ERR441162,root:Host-associated:Human:Digestive system:Oral:tongue dorsum
ERZ474620,root:Host-associated:Human:Digestive system:Oral:Saliva
SRR6746162,root:Environmental:Aquatic:Marine:Coastal:Sediment
SRR7078529,root:Host-associated:Birds:Digestive system:Digestive tube:Cecum
OIBL01,root:Host-associated:Human:Digestive system:Large intestine:Fecal
ERR2715303,root:Environmental:Aquatic:Freshwater:Lentic:Sediment
ERR2842527,root:Host-associated:Human:Respiratory system:Nasopharyngeal:Pharynx
SRR5852388,root:Environmental:Aquatic:Marine:Intertidal zone:Coral reef
DRR029267,root:Host-associated:Human:Digestive system:Oral:Saliva
ERR2842191,root:Host-associated:Human:Respiratory system:Nasopharyngeal:Pharynx
ERR1582725,root:Environmental:Aquatic:Freshwater:Wetlands:Bog
ERR482853,root:Host-associated:Human:Digestive system:Large intestine:Fecal
SRR6465474,root:Host-associated:Human:Digestive system:Oral:Saliva
ERR2725951,root:Host-associated:Mammals:Digestive system:Stomach:Rumen
ERR2725434,root:Host-associated:Mammals:Digestive system:Stomach:Rumen
ERR1583011,root:Environmental:Aquatic:Freshwater:Wetlands:Bog
ERZ13657893,root:Host-associated:Mammals:Digestive system:Large intestine:Cecum
ERR330027,root:Environmental:Aquatic:Marine:Coastal:Sediment
SRR4304185,root:Host-associated:Human:Respiratory system:Nasopharyngeal:Pharynx
SRR2242253,root:Host-associated:Mammals:Digestive system:Stomach:Rumen
SRR3426937,root:Host-associated:Mammals:Digestive system:Stomach:Rumen
ERR1558882,root:Host-associated:Human:Digestive system:Oral:Saliva
ERR1582780,root:Environmental:Aquatic:Freshwater:Wetlands:Bog
SRR6299046,root:Host-associated:Human:Digestive system:Large intestine:Fecal
SRR6507496,root:Host-associated:Human:Respiratory system:Nasopharyngeal:Nasal cavity
SRR3633422,root:Environmental:Aquatic:Marine:Intertidal zone:Coral reef
SRR1930461,root:Environmental:Aquatic:Freshwater:Groundwater:Biofilm
ERR1341872,root:Environmental:Aquatic:Marine:Intertidal zone:Coral reef
SRR5002885,root:Environmental:Aquatic:Freshwater:Groundwater:Biofilm
SRR5287412,root:Host-associated:Mammals:Digestive system:Stomach:Rumen
SRR7078518,root:Host-associated:Birds:Digestive system:Digestive tube:Cecum
SRR4302608,root:Host-associated:Human:Respiratory system:Nasopharyngeal:Pharynx
SRR1179380,root:Host-associated:Mammals:Digestive system:Stomach:Rumen
SRR5003194,root:Environmental:Aquatic:Freshwater:Groundwater:Biofilm
ERR441387,root:Host-associated:Human:Digestive system:Oral:tongue dorsum
ERR2222862,root:Host-associated:Birds:Digestive system:Digestive tube:Cecum
DRR165916,root:Host-associated:Mammals:Digestive system:Stomach:Rumen
DRR139377,root:Host-associated:Human:Digestive system:Oral:tongue dorsum
DRR084399,root:Environmental:Aquatic:Marine:Coastal:Sediment
ERR441558,root:Host-associated:Human:Digestive system:Oral:tongue dorsum
SRR5434027,root:Environmental:Aquatic:Freshwater:Groundwater:Biofilm
ERR2848701,root:Host-associated:Human:Digestive system:Large intestine:Fecal
ERR1582726,root:Environmental:Aquatic:Freshwater:Wetlands:Bog
SRR5185631,root:Host-associated:Human:Respiratory system:Nasopharyngeal:Nasal cavity
ERR2842188,root:Host-associated:Human:Respiratory system:Nasopharyngeal:Pharynx
ERZ1699244,root:Host-associated:Human:Digestive system:Oral:Saliva
SRR1930463,root:Environmental:Aquatic:Freshwater:Groundwater:Biofilm
ERR1583483,root:Environmental:Aquatic:Freshwater:Wetlands:Bog
SRR1503981,root:Environmental:Aquatic:Marine:Coastal:Sediment
ERR2331046,root:Host-associated:Mammals:Digestive system:Large intestine:Cecum
SRR1930410,root:Environmental:Aquatic:Freshwater:Groundwater:Biofilm
SRR4303100,root:Host-associated:Human:Respiratory system:Nasopharyngeal:Pharynx
SRR5287303,root:Host-associated:Mammals:Digestive system:Stomach:Rumen
SRR5189488,root:Host-associated:Human:Respiratory system:Nasopharyngeal:Nasal cavity
ERR2331051,root:Host-associated:Mammals:Digestive system:Large intestine:Cecum
SRR2242475,root:Host-associated:Mammals:Digestive system:Stomach:Rumen
ERR1583360,root:Environmental:Aquatic:Freshwater:Wetlands:Bog
ERR1582416,root:Environmental:Aquatic:Freshwater:Wetlands:Bog
ERR1583058,root:Environmental:Aquatic:Freshwater:Wetlands:Bog
SRR2242247,root:Host-associated:Mammals:Digestive system:Stomach:Rumen
DRR139349,root:Host-associated:Human:Digestive system:Oral:tongue dorsum
SRR1359864,root:Environmental:Aquatic:Marine:Intertidal zone:Coral reef
ERR2715370,root:Environmental:Aquatic:Freshwater:Lentic:Sediment
SRR3624586,root:Environmental:Aquatic:Marine:Intertidal zone:Coral reef
SRR6507432,root:Host-associated:Human:Respiratory system:Nasopharyngeal:Nasal cavity
ERR2842169,root:Host-associated:Human:Respiratory system:Nasopharyngeal:Pharynx
SRR6507772,root:Host-associated:Human:Respiratory system:Nasopharyngeal:Nasal cavity
SRR1930697,root:Environmental:Aquatic:Freshwater:Groundwater:Biofilm
ERR1524010,root:Environmental:Aquatic:Marine:Oceanic:Sediment
SRR5433938,root:Environmental:Aquatic:Freshwater:Groundwater:Biofilm
ERR2842178,root:Host-associated:Human:Respiratory system:Nasopharyngeal:Pharynx
SRR4304016,root:Host-associated:Human:Respiratory system:Nasopharyngeal:Pharynx
SRR5185792,root:Host-associated:Human:Respiratory system:Nasopharyngeal:Nasal cavity
SRR2242259,root:Host-associated:Mammals:Digestive system:Stomach:Rumen
SRR3355020,root:Environmental:Aquatic:Marine:Coastal:Sediment
SRR4303294,root:Host-associated:Human:Respiratory system:Nasopharyngeal:Pharynx
SRR6466067,root:Host-associated:Human:Digestive system:Oral:Saliva
SRR5185788,root:Host-associated:Human:Respiratory system:Nasopharyngeal:Nasal cavity
ERR441878,root:Host-associated:Human:Digestive system:Oral:tongue dorsum
SRR340040,root:Environmental:Aquatic:Freshwater:Lotic:Sediment
SRR7078182,root:Host-associated:Birds:Digestive system:Digestive tube:Cecum
SRR5287419,root:Host-associated:Mammals:Digestive system:Stomach:Rumen
SRR4304254,root:Host-associated:Human:Respiratory system:Nasopharyngeal:Pharynx
ERZ1674109,root:Host-associated:Human:Digestive system:Oral:Saliva
ERR983264,root:Host-associated:Mammals:Digestive system:Stomach:Rumen
DRR161909,root:Host-associated:Human:Digestive system:Oral:tongue dorsum
SRR1930729,root:Environmental:Aquatic:Freshwater:Groundwater:Biofilm
SRR7078664,root:Host-associated:Birds:Digestive system:Digestive tube:Cecum
SRR4936934,root:Host-associated:Human:Digestive system:Large intestine:Fecal
SRR4303301,root:Host-associated:Human:Respiratory system:Nasopharyngeal:Pharynx
DRR161488,root:Host-associated:Human:Digestive system:Oral:tongue dorsum
ERZ2916641,root:Host-associated:Birds:Digestive system:Digestive tube:Cecum
SRR516793,root:Environmental:Aquatic:Freshwater:Lotic:Sediment
DRR018385,root:Host-associated:Human:Digestive system:Oral:Saliva
SRR5186064,root:Host-associated:Human:Respiratory system:Nasopharyngeal:Nasal cavity
ERR1582501,root:Environmental:Aquatic:Freshwater:Wetlands:Bog
SRR13489087,root:Environmental:Aquatic:Freshwater:Pond:Sediment
SRR3426374,root:Host-associated:Mammals:Digestive system:Stomach:Rumen
SRR5185995,root:Host-associated:Human:Respiratory system:Nasopharyngeal:Nasal cavity
ERR2816751,root:Environmental:Aquatic:Marine:Intertidal zone:Coral reef
DRR139254,root:Host-associated:Human:Digestive system:Oral:tongue dorsum
DRR139563,root:Host-associated:Human:Digestive system:Oral:tongue dorsum
SRR5003169,root:Environmental:Aquatic:Freshwater:Groundwater:Biofilm
ERR866866,root:Host-associated:Human:Digestive system:Large intestine:Fecal
ERR1583024,root:Environmental:Aquatic:Freshwater:Wetlands:Bog
SRR5433972,root:Environmental:Aquatic:Freshwater:Groundwater:Biofilm
SRR5188499,root:Host-associated:Human:Respiratory system:Nasopharyngeal:Nasal cavity
SRR5860868,root:Environmental:Aquatic:Freshwater:Wetlands:Sediment
SRR5189346,root:Host-associated:Human:Respiratory system:Nasopharyngeal:Nasal cavity
SRR4303247,root:Host-associated:Human:Respiratory system:Nasopharyngeal:Pharynx
SRR5188448,root:Host-associated:Human:Respiratory system:Nasopharyngeal:Nasal cavity
SRR5156043,root:Host-associated:Human:Digestive system:Large intestine:Fecal
ERR2816902,root:Environmental:Aquatic:Marine:Intertidal zone:Coral reef
ERR2725335,root:Host-associated:Mammals:Digestive system:Stomach:Rumen
ERR866772,root:Host-associated:Human:Digestive system:Large intestine:Fecal
SRR1930401,root:Environmental:Aquatic:Freshwater:Groundwater:Biofilm
SRR6466036,root:Host-associated:Human:Digestive system:Oral:Saliva
ERZ14212229,root:Host-associated:Mammals:Gastrointestinal tract:Intestine:Fecal
SRR6507761,root:Host-associated:Human:Respiratory system:Nasopharyngeal:Nasal cavity
SRR6465712,root:Host-associated:Human:Digestive system:Oral:Saliva
ERR441420,root:Host-associated:Human:Digestive system:Oral:tongue dorsum
SRR6465296,root:Host-associated:Human:Digestive system:Oral:Saliva
ERR2486311,root:Host-associated:Birds:Digestive system:Digestive tube:Cecum
SRR3624587,root:Environmental:Aquatic:Marine:Intertidal zone:Coral reef
SRR8553102,root:Host-associated:Mammals:Digestive system:Large intestine:Cecum
SRR5185975,root:Host-associated:Human:Respiratory system:Nasopharyngeal:Nasal cavity
SRR6746026,root:Environmental:Aquatic:Marine:Coastal:Sediment
SRR7078252,root:Host-associated:Birds:Digestive system:Digestive tube:Cecum
ERZ827488,root:Host-associated:Human:Digestive system:Large intestine:Fecal
SRR8553552,root:Host-associated:Mammals:Digestive system:Large intestine:Cecum
SRR5185850,root:Host-associated:Human:Respiratory system:Nasopharyngeal:Nasal cavity
SRR6507612,root:Host-associated:Human:Respiratory system:Nasopharyngeal:Nasal cavity
SRR3420170,root:Host-associated:Mammals:Digestive system:Stomach:Rumen
ERR2842386,root:Host-associated:Human:Respiratory system:Nasopharyngeal:Pharynx
ERR1582832,root:Environmental:Aquatic:Freshwater:Wetlands:Bog
ERR2842588,root:Host-associated:Human:Respiratory system:Nasopharyngeal:Pharynx
ERR2842260,root:Host-associated:Human:Respiratory system:Nasopharyngeal:Pharynx
SRR5287296,root:Host-associated:Mammals:Digestive system:Stomach:Rumen
SRR5003143,root:Environmental:Aquatic:Freshwater:Groundwater:Biofilm
SRR3624239,root:Environmental:Aquatic:Marine:Intertidal zone:Coral reef
ERR2816907,root:Environmental:Aquatic:Marine:Intertidal zone:Coral reef
DRR161585,root:Host-associated:Human:Digestive system:Oral:tongue dorsum
SRR3420031,root:Host-associated:Mammals:Digestive system:Stomach:Rumen
ERR2198666,root:Host-associated:Human:Digestive system:Large intestine:Fecal
ERR2842058,root:Host-associated:Human:Respiratory system:Nasopharyngeal:Pharynx
SRR2143910,root:Host-associated:Human:Digestive system:Large intestine:Fecal
SRR5002843,root:Environmental:Aquatic:Freshwater:Groundwater:Biofilm
SRR8553282,root:Host-associated:Mammals:Digestive system:Large intestine:Cecum
ERR107018,root:Host-associated:Human:Digestive system:Oral:Saliva
SRR8553174,root:Host-associated:Mammals:Digestive system:Large intestine:Cecum
ERR444430,root:Host-associated:Human:Digestive system:Large intestine:Fecal
SRR5189871,root:Host-associated:Human:Respiratory system:Nasopharyngeal:Nasal cavity
SRR1930307,root:Environmental:Aquatic:Freshwater:Groundwater:Biofilm
SRR5189176,root:Host-associated:Human:Respiratory system:Nasopharyngeal:Nasal cavity
SRR1286286,root:Environmental:Aquatic:Freshwater:Lentic:Sediment
SRR7078310,root:Host-associated:Birds:Digestive system:Digestive tube:Cecum
ERR2486420,root:Host-associated:Birds:Digestive system:Digestive tube:Cecum
ERZ2916392,root:Host-associated:Birds:Digestive system:Digestive tube:Cecum
SRR6167548,root:Host-associated:Human:Digestive system:Large intestine:Fecal
SRR8553063,root:Host-associated:Mammals:Digestive system:Large intestine:Cecum
SRR8553302,root:Host-associated:Mammals:Digestive system:Large intestine:Cecum
SRR5189228,root:Host-associated:Human:Respiratory system:Nasopharyngeal:Nasal cavity
SRR7078377,root:Host-associated:Birds:Digestive system:Digestive tube:Cecum
SRR6465002,root:Host-associated:Human:Digestive system:Oral:Saliva
SRR4303592,root:Host-associated:Human:Respiratory system:Nasopharyngeal:Pharynx
ERR2816918,root:Environmental:Aquatic:Marine:Intertidal zone:Coral reef
ERR441911,root:Host-associated:Human:Digestive system:Oral:tongue dorsum
DRR029187,root:Host-associated:Human:Digestive system:Oral:Saliva
ERZ475819,root:Host-associated:Human:Digestive system:Oral:Saliva
DRR139448,root:Host-associated:Human:Digestive system:Oral:tongue dorsum
SRR1461281,root:Host-associated:Human:Digestive system:Large intestine:Fecal
SRR650831,root:Environmental:Aquatic:Marine:Coastal:Sediment
ERR2816684,root:Environmental:Aquatic:Marine:Intertidal zone:Coral reef
SRR6465908,root:Host-associated:Human:Digestive system:Oral:Saliva
SRR5002947,root:Environmental:Aquatic:Freshwater:Groundwater:Biofilm
SRR3632952,root:Environmental:Aquatic:Marine:Intertidal zone:Coral reef
ERR561056,root:Host-associated:Human:Digestive system:Large intestine:Fecal
SRR1930737,root:Environmental:Aquatic:Freshwater:Groundwater:Biofilm
SRR6465755,root:Host-associated:Human:Digestive system:Oral:Saliva
ERR1583280,root:Environmental:Aquatic:Freshwater:Wetlands:Bog
ERR2486334,root:Host-associated:Birds:Digestive system:Digestive tube:Cecum
ERR1582100,root:Environmental:Aquatic:Freshwater:Wetlands:Bog
DRR161490,root:Host-associated:Human:Digestive system:Oral:tongue dorsum
ERZ2916151,root:Host-associated:Birds:Digestive system:Digestive tube:Cecum
SRR4381530,root:Environmental:Aquatic:Freshwater:Lotic:Sediment
SRR5189904,root:Host-associated:Human:Respiratory system:Nasopharyngeal:Nasal cavity
SRR7078200,root:Host-associated:Birds:Digestive system:Digestive tube:Cecum
DRR161662,root:Host-associated:Human:Digestive system:Oral:tongue dorsum
SRR4303657,root:Host-associated:Human:Respiratory system:Nasopharyngeal:Pharynx
SRR7078612,root:Host-associated:Birds:Digestive system:Digestive tube:Cecum
ERR2511350,root:Host-associated:Human:Digestive system:Large intestine:Fecal
ERR441280,root:Host-associated:Human:Digestive system:Oral:tongue dorsum
SRR1930362,root:Environmental:Aquatic:Freshwater:Groundwater:Biofilm
SRR3420020,root:Host-associated:Mammals:Digestive system:Stomach:Rumen
ERR441018,root:Host-associated:Human:Digestive system:Oral:tongue dorsum
ERR1582052,root:Environmental:Aquatic:Freshwater:Wetlands:Bog
ERR481886,root:Host-associated:Human:Digestive system:Large intestine:Fecal
ERR1582721,root:Environmental:Aquatic:Freshwater:Wetlands:Bog
ERR1582398,root:Environmental:Aquatic:Freshwater:Wetlands:Bog
SRR3633040,root:Environmental:Aquatic:Marine:Intertidal zone:Coral reef
SRR4302784,root:Host-associated:Human:Respiratory system:Nasopharyngeal:Pharynx
ERR2816681,root:Environmental:Aquatic:Marine:Intertidal zone:Coral reef
SRR6465597,root:Host-associated:Human:Digestive system:Oral:Saliva
ERR1214123,root:Environmental:Aquatic:Marine:Wetlands:Sediment
ERR441488,root:Host-associated:Human:Digestive system:Oral:tongue dorsum
ERR2842580,root:Host-associated:Human:Respiratory system:Nasopharyngeal:Pharynx
ERR2715156,root:Environmental:Aquatic:Freshwater:Lentic:Sediment
ERR757130,root:Host-associated:Mammals:Digestive system:Large intestine:Fecal
SRR8484704,root:Host-associated:Human:Digestive system:Large intestine:Fecal
SRR6443847,root:Host-associated:Human:Digestive system:Large intestine:Fecal
SRR5287228,root:Host-associated:Mammals:Digestive system:Stomach:Rumen
ERR1583201,root:Environmental:Aquatic:Freshwater:Wetlands:Bog
DRR161625,root:Host-associated:Human:Digestive system:Oral:tongue dorsum
ERR441785,root:Host-associated:Human:Digestive system:Oral:tongue dorsum
SRR1299239,root:Host-associated:Human:Digestive system:Oral:Saliva
SRR5002918,root:Environmental:Aquatic:Freshwater:Groundwater:Biofilm
SRR3144724,root:Environmental:Aquatic:Marine:Oceanic:Sediment
SRR6465630,root:Host-associated:Human:Digestive system:Oral:Saliva
SRR7078232,root:Host-associated:Birds:Digestive system:Digestive tube:Cecum
SRR1930484,root:Environmental:Aquatic:Freshwater:Groundwater:Biofilm
ERR2724670,root:Host-associated:Mammals:Digestive system:Stomach:Rumen
SRR15225301,root:Host-associated:Human:Respiratory system:Nasopharyngeal:Nasal cavity
SRR7078457,root:Host-associated:Birds:Digestive system:Digestive tube:Cecum
SRR3420189,root:Host-associated:Mammals:Digestive system:Stomach:Rumen
SRR3420214,root:Host-associated:Mammals:Digestive system:Stomach:Rumen
ERR441847,root:Host-associated:Human:Digestive system:Oral:tongue dorsum
ERR1599202,root:Host-associated:Human:Digestive system:Large intestine:Fecal
SRR4304067,root:Host-associated:Human:Respiratory system:Nasopharyngeal:Pharynx
SRR5185837,root:Host-associated:Human:Respiratory system:Nasopharyngeal:Nasal cavity
SRR6465126,root:Host-associated:Human:Digestive system:Oral:Saliva
SRR5003236,root:Environmental:Aquatic:Freshwater:Groundwater:Biofilm
SRR1744315,root:Environmental:Aquatic:Marine:Coastal:Sediment
SRR3633098,root:Environmental:Aquatic:Marine:Intertidal zone:Coral reef
SRR5002849,root:Environmental:Aquatic:Freshwater:Groundwater:Biofilm
ERR2724375,root:Host-associated:Mammals:Digestive system:Stomach:Rumen
ERR2816668,root:Environmental:Aquatic:Marine:Intertidal zone:Coral reef
SRR6148466,root:Host-associated:Human:Digestive system:Oral:Saliva
DRR139193,root:Host-associated:Human:Digestive system:Oral:tongue dorsum
ERR1582228,root:Environmental:Aquatic:Freshwater:Wetlands:Bog
DRR139423,root:Host-associated:Human:Digestive system:Oral:tongue dorsum
ERR1583350,root:Environmental:Aquatic:Freshwater:Wetlands:Bog
SRR5626104,root:Environmental:Aquatic:Freshwater:Lotic:Sediment
ERR2842378,root:Host-associated:Human:Respiratory system:Nasopharyngeal:Pharynx
SRR4303656,root:Host-associated:Human:Respiratory system:Nasopharyngeal:Pharynx
ERR1582596,root:Environmental:Aquatic:Freshwater:Wetlands:Bog
SRR1930474,root:Environmental:Aquatic:Freshwater:Groundwater:Biofilm
SRR6169368,root:Host-associated:Human:Digestive system:Large intestine:Fecal
SRR7078559,root:Host-associated:Birds:Digestive system:Digestive tube:Cecum
SRR8553518,root:Host-associated:Mammals:Digestive system:Large intestine:Cecum
SRR8553086,root:Host-associated:Mammals:Digestive system:Large intestine:Cecum
SRR1299248,root:Host-associated:Human:Digestive system:Oral:Saliva
SRR1299225,root:Host-associated:Human:Digestive system:Oral:Saliva
ERZ13696052,root:Host-associated:Mammals:Gastrointestinal tract:Intestine:Fecal
SRR7078669,root:Host-associated:Birds:Digestive system:Digestive tube:Cecum
SRR5189334,root:Host-associated:Human:Respiratory system:Nasopharyngeal:Nasal cavity
ERR1583162,root:Environmental:Aquatic:Freshwater:Wetlands:Bog
DRR161899,root:Host-associated:Human:Digestive system:Oral:tongue dorsum
SRR5188845,root:Host-associated:Human:Respiratory system:Nasopharyngeal:Nasal cavity
SRR8552983,root:Host-associated:Mammals:Digestive system:Large intestine:Cecum
ERR2724517,root:Host-associated:Mammals:Digestive system:Stomach:Rumen
ERR2715379,root:Environmental:Aquatic:Freshwater:Lentic:Sediment
DRR084467,root:Environmental:Aquatic:Marine:Coastal:Sediment
SRR6466156,root:Host-associated:Human:Digestive system:Oral:Saliva
ERZ2916288,root:Host-associated:Birds:Digestive system:Digestive tube:Cecum
SRR5003160,root:Environmental:Aquatic:Freshwater:Groundwater:Biofilm
SRR8553304,root:Host-associated:Mammals:Digestive system:Large intestine:Cecum
SRR5002943,root:Environmental:Aquatic:Freshwater:Groundwater:Biofilm
SRR3034398,root:Host-associated:Human:Digestive system:Oral:Saliva
SRR4303110,root:Host-associated:Human:Respiratory system:Nasopharyngeal:Pharynx
ERR481647,root:Host-associated:Human:Digestive system:Large intestine:Fecal
ERR107035,root:Host-associated:Human:Digestive system:Oral:Saliva
ERR2842633,root:Host-associated:Human:Respiratory system:Nasopharyngeal:Pharynx
ERZ2916326,root:Host-associated:Birds:Digestive system:Digestive tube:Cecum
SRR6299474,root:Host-associated:Human:Digestive system:Large intestine:Fecal
ERZ1674171,root:Host-associated:Human:Digestive system:Oral:Saliva
ERR2816546,root:Environmental:Aquatic:Marine:Intertidal zone:Coral reef
ERR1582395,root:Environmental:Aquatic:Freshwater:Wetlands:Bog
ERR1582466,root:Environmental:Aquatic:Freshwater:Wetlands:Bog
ERR1524007,root:Environmental:Aquatic:Marine:Oceanic:Sediment
ERR482475,root:Host-associated:Human:Digestive system:Large intestine:Fecal
SRR3144730,root:Environmental:Aquatic:Marine:Oceanic:Sediment
SRR1644876,root:Host-associated:Mammals:Digestive system:Large intestine:Fecal
SRR7078513,root:Host-associated:Birds:Digestive system:Digestive tube:Cecum
ERR441133,root:Host-associated:Human:Digestive system:Oral:tongue dorsum
SRR3426370,root:Host-associated:Mammals:Digestive system:Stomach:Rumen
SRR6465312,root:Host-associated:Human:Digestive system:Oral:Saliva
SRR1359853,root:Environmental:Aquatic:Marine:Intertidal zone:Coral reef
SRR4790452,root:Host-associated:Human:Digestive system:Large intestine:Fecal
SRR6507425,root:Host-associated:Human:Respiratory system:Nasopharyngeal:Nasal cavity
ERR2842312,root:Host-associated:Human:Respiratory system:Nasopharyngeal:Pharynx
ERR1582362,root:Environmental:Aquatic:Freshwater:Wetlands:Bog
SRR5003255,root:Environmental:Aquatic:Freshwater:Groundwater:Biofilm
ERR1582857,root:Environmental:Aquatic:Freshwater:Wetlands:Bog
SRR4303196,root:Host-associated:Human:Respiratory system:Nasopharyngeal:Pharynx
ERR2842146,root:Host-associated:Human:Respiratory system:Nasopharyngeal:Pharynx
SRR1930532,root:Environmental:Aquatic:Freshwater:Groundwater:Biofilm
ERZ2916450,root:Host-associated:Birds:Digestive system:Digestive tube:Cecum
ERR441536,root:Host-associated:Human:Digestive system:Oral:tongue dorsum
SRR1289175,root:Host-associated:Human:Digestive system:Large intestine:Fecal
ERZ475776,root:Host-associated:Human:Digestive system:Oral:Saliva
ERR2725670,root:Host-associated:Mammals:Digestive system:Stomach:Rumen
SRR6507718,root:Host-associated:Human:Respiratory system:Nasopharyngeal:Nasal cavity
ERR2725303,root:Host-associated:Mammals:Digestive system:Stomach:Rumen
ERZ2916239,root:Host-associated:Birds:Digestive system:Digestive tube:Cecum
ERR2486329,root:Host-associated:Birds:Digestive system:Digestive tube:Cecum
SRR6490437,root:Environmental:Aquatic:Freshwater:Lotic:Sediment
ERR441704,root:Host-associated:Human:Digestive system:Oral:tongue dorsum
ERR1989125,root:Environmental:Aquatic:Freshwater:Lentic:Sediment
ERR1582435,root:Environmental:Aquatic:Freshwater:Wetlands:Bog
DRR161712,root:Host-associated:Human:Digestive system:Oral:tongue dorsum
SRR6507768,root:Host-associated:Human:Respiratory system:Nasopharyngeal:Nasal cavity
SRR5003228,root:Environmental:Aquatic:Freshwater:Groundwater:Biofilm
SRR5273205,root:Environmental:Aquatic:Marine:Intertidal zone:Coral reef
SRR6464885,root:Host-associated:Human:Digestive system:Oral:Saliva
ERR441089,root:Host-associated:Human:Digestive system:Oral:tongue dorsum
ERZ475741,root:Host-associated:Human:Digestive system:Oral:Saliva
ERR2848951,root:Host-associated:Human:Digestive system:Large intestine:Fecal
SRR1359855,root:Environmental:Aquatic:Marine:Intertidal zone:Coral reef
SRR1930303,root:Environmental:Aquatic:Freshwater:Groundwater:Biofilm
SRR5189154,root:Host-associated:Human:Respiratory system:Nasopharyngeal:Nasal cavity
SRR3589550,root:Environmental:Aquatic:Marine:Intertidal zone:Sediment
ERR1582588,root:Environmental:Aquatic:Freshwater:Wetlands:Bog
ERR1582577,root:Environmental:Aquatic:Freshwater:Wetlands:Bog
SRR6299710,root:Host-associated:Human:Digestive system:Large intestine:Fecal
SRR7501880,root:Host-associated:Human:Digestive system:Large intestine:Fecal
SRR1583243,root:Environmental:Aquatic:Marine:Oceanic:Sediment
SRR6746483,root:Environmental:Aquatic:Marine:Coastal:Sediment
ERR1582144,root:Environmental:Aquatic:Freshwater:Wetlands:Bog
SRR6264959,root:Host-associated:Human:Digestive system:Large intestine:Fecal
SRR6465404,root:Host-associated:Human:Digestive system:Oral:Saliva
SRR1360011,root:Environmental:Aquatic:Marine:Intertidal zone:Coral reef
ERR2511480,root:Host-associated:Human:Digestive system:Large intestine:Fecal
SRR15318578,root:Host-associated:Human:Digestive system:Oral:Saliva
SRR1145383,root:Host-associated:Human:Digestive system:Oral:Saliva
SRR6465275,root:Host-associated:Human:Digestive system:Oral:Saliva
SRR1930451,root:Environmental:Aquatic:Freshwater:Groundwater:Biofilm
ERR2211798,root:Environmental:Aquatic:Freshwater:Groundwater:Biofilm
ERR2725681,root:Host-associated:Mammals:Digestive system:Stomach:Rumen
DRR161794,root:Host-associated:Human:Digestive system:Oral:tongue dorsum
SRR6054701,root:Host-associated:Human:Digestive system:Large intestine:Fecal
SRR5210805,root:Host-associated:Mammals:Digestive system:Large intestine:Fecal
ERR1583051,root:Environmental:Aquatic:Freshwater:Wetlands:Bog
SRR3426808,root:Host-associated:Mammals:Digestive system:Stomach:Rumen
DRR029268,root:Host-associated:Human:Digestive system:Oral:Saliva
SRR1930485,root:Environmental:Aquatic:Freshwater:Groundwater:Biofilm
SRR5184523,root:Host-associated:Human:Respiratory system:Nasopharyngeal:Nasal cavity
SRR3632981,root:Environmental:Aquatic:Marine:Intertidal zone:Coral reef
SRR3633441,root:Environmental:Aquatic:Marine:Intertidal zone:Coral reef
ERZ476007,root:Host-associated:Human:Digestive system:Oral:Saliva
ERR2331055,root:Host-associated:Mammals:Digestive system:Large intestine:Cecum
ERZ14890134,root:Host-associated:Mammals:Digestive system:Large intestine:Fecal
SRR5188437,root:Host-associated:Human:Respiratory system:Nasopharyngeal:Nasal cavity
ERR441875,root:Host-associated:Human:Digestive system:Oral:tongue dorsum
SRR5189480,root:Host-associated:Human:Respiratory system:Nasopharyngeal:Nasal cavity
SRR4303808,root:Host-associated:Human:Respiratory system:Nasopharyngeal:Pharynx
DRR139404,root:Host-associated:Human:Digestive system:Oral:tongue dorsum
ERR2211822,root:Environmental:Aquatic:Freshwater:Groundwater:Biofilm
DRR161415,root:Host-associated:Human:Digestive system:Oral:tongue dorsum
SRR5165733,root:Host-associated:Human:Digestive system:Large intestine:Fecal
SRR6507491,root:Host-associated:Human:Respiratory system:Nasopharyngeal:Nasal cavity
SRR823270,root:Host-associated:Human:Digestive system:Oral:Saliva
ERR2842341,root:Host-associated:Human:Respiratory system:Nasopharyngeal:Pharynx
SRR1930267,root:Environmental:Aquatic:Freshwater:Groundwater:Biofilm
ERZ1772564,root:Host-associated:Mammals:Digestive system:Foregut:Rumen
SRR4303846,root:Host-associated:Human:Respiratory system:Nasopharyngeal:Pharynx
SRR823311,root:Host-associated:Human:Digestive system:Oral:Saliva
SRR4304338,root:Host-associated:Human:Respiratory system:Nasopharyngeal:Pharynx
ERR1582598,root:Environmental:Aquatic:Freshwater:Wetlands:Bog
SRR7735522,root:Host-associated:Human:Digestive system:Large intestine:Fecal
ERR1583426,root:Environmental:Aquatic:Freshwater:Wetlands:Bog
ERR2724889,root:Host-associated:Mammals:Digestive system:Stomach:Rumen
SRR5185711,root:Host-associated:Human:Respiratory system:Nasopharyngeal:Nasal cavity
ERR2486158,root:Host-associated:Birds:Digestive system:Digestive tube:Cecum
SRR5189167,root:Host-associated:Human:Respiratory system:Nasopharyngeal:Nasal cavity
SRR1611596,root:Environmental:Aquatic:Marine:Intertidal zone:Sediment
SRR5287311,root:Host-associated:Mammals:Digestive system:Stomach:Rumen
SRR3624209,root:Environmental:Aquatic:Marine:Intertidal zone:Coral reef
DRR139225,root:Host-associated:Human:Digestive system:Oral:tongue dorsum
SRR3589518,root:Environmental:Aquatic:Marine:Intertidal zone:Sediment
SRR5002938,root:Environmental:Aquatic:Freshwater:Groundwater:Biofilm
ERZ4933517,root:Host-associated:Birds:Digestive system:Digestive tube:Cecum
SRR1930382,root:Environmental:Aquatic:Freshwater:Groundwater:Biofilm
DRR013842,root:Host-associated:Mammals:Digestive system:Large intestine:Cecum
SRR6507830,root:Host-associated:Human:Respiratory system:Nasopharyngeal:Nasal cavity
ERZ1643261,root:Host-associated:Birds:Digestive system:Digestive tube:Cecum
SRR3420264,root:Host-associated:Mammals:Digestive system:Stomach:Rumen
SRR6465027,root:Host-associated:Human:Digestive system:Oral:Saliva
ERZ2916547,root:Host-associated:Birds:Digestive system:Digestive tube:Cecum
ERR2724842,root:Host-associated:Mammals:Digestive system:Stomach:Rumen
ERR1583263,root:Environmental:Aquatic:Freshwater:Wetlands:Bog
ERR2816887,root:Environmental:Aquatic:Marine:Intertidal zone:Coral reef
SRR1930752,root:Environmental:Aquatic:Freshwater:Groundwater:Biofilm
SRR4303606,root:Host-associated:Human:Respiratory system:Nasopharyngeal:Pharynx
ERR441370,root:Host-associated:Human:Digestive system:Oral:tongue dorsum
ERR2725302,root:Host-associated:Mammals:Digestive system:Stomach:Rumen
SRR5003289,root:Environmental:Aquatic:Freshwater:Groundwater:Biofilm
ERZ2916479,root:Host-associated:Birds:Digestive system:Digestive tube:Cecum
ERR107118,root:Host-associated:Human:Digestive system:Oral:Saliva
SRR5186033,root:Host-associated:Human:Respiratory system:Nasopharyngeal:Nasal cavity
ERR2816839,root:Environmental:Aquatic:Marine:Intertidal zone:Coral reef
SRR5185994,root:Host-associated:Human:Respiratory system:Nasopharyngeal:Nasal cavity
ERR2842672,root:Host-associated:Human:Respiratory system:Nasopharyngeal:Pharynx
SRR5003073,root:Environmental:Aquatic:Freshwater:Groundwater:Biofilm
ERR441090,root:Host-associated:Human:Digestive system:Oral:tongue dorsum
ERR2211812,root:Environmental:Aquatic:Freshwater:Groundwater:Biofilm
SRR15225304,root:Host-associated:Human:Respiratory system:Nasopharyngeal:Nasal cavity
ERZ14650951,root:Host-associated:Mammals:Digestive system:Large intestine:Fecal
ERR2715268,root:Environmental:Aquatic:Freshwater:Lentic:Sediment
ERR1582292,root:Environmental:Aquatic:Freshwater:Wetlands:Bog
SRR3633029,root:Environmental:Aquatic:Marine:Intertidal zone:Coral reef
SRR5189337,root:Host-associated:Human:Respiratory system:Nasopharyngeal:Nasal cavity
ERR2725294,root:Host-associated:Mammals:Digestive system:Stomach:Rumen
SRR6507826,root:Host-associated:Human:Respiratory system:Nasopharyngeal:Nasal cavity
ERR1583510,root:Environmental:Aquatic:Freshwater:Wetlands:Bog
ERR2724518,root:Host-associated:Mammals:Digestive system:Stomach:Rumen
ERR2715350,root:Environmental:Aquatic:Freshwater:Lentic:Sediment
ERR1583295,root:Environmental:Aquatic:Freshwater:Wetlands:Bog
SRR6465131,root:Host-associated:Human:Digestive system:Oral:Saliva
ERR2331049,root:Host-associated:Mammals:Digestive system:Large intestine:Cecum
SRR4935221,root:Host-associated:Human:Digestive system:Large intestine:Fecal
SRR4303725,root:Host-associated:Human:Respiratory system:Nasopharyngeal:Pharynx
ERR2816869,root:Environmental:Aquatic:Marine:Intertidal zone:Coral reef
SRR4302879,root:Host-associated:Human:Respiratory system:Nasopharyngeal:Pharynx
ERR441843,root:Host-associated:Human:Digestive system:Oral:tongue dorsum
SRR6804824,root:Environmental:Aquatic:Freshwater:Lentic:Sediment
ERR1582244,root:Environmental:Aquatic:Freshwater:Wetlands:Bog
ERR2725785,root:Host-associated:Mammals:Digestive system:Stomach:Rumen
SRR5287410,root:Host-associated:Mammals:Digestive system:Stomach:Rumen
DRR029202,root:Host-associated:Human:Digestive system:Oral:Saliva
SRR6464898,root:Host-associated:Human:Digestive system:Oral:Saliva
SRR3497576,root:Environmental:Aquatic:Freshwater:Wetlands:Sediment
SRR4304219,root:Host-associated:Human:Respiratory system:Nasopharyngeal:Pharynx
SRR4302619,root:Host-associated:Human:Respiratory system:Nasopharyngeal:Pharynx
ERR2842279,root:Host-associated:Human:Respiratory system:Nasopharyngeal:Pharynx
SRR1930368,root:Environmental:Aquatic:Freshwater:Groundwater:Biofilm
ERR2842268,root:Host-associated:Human:Respiratory system:Nasopharyngeal:Pharynx
DRR018776,root:Host-associated:Human:Digestive system:Oral:Saliva
ERR1558899,root:Host-associated:Human:Digestive system:Oral:Saliva
ERR1583418,root:Environmental:Aquatic:Freshwater:Wetlands:Bog
ERZ13410447,root:Host-associated:Mammals:Gastrointestinal tract:Intestine:Fecal
ERR1582605,root:Environmental:Aquatic:Freshwater:Wetlands:Bog
ERR2715194,root:Environmental:Aquatic:Freshwater:Lentic:Sediment
ERZ3820735,root:Environmental:Aquatic:Freshwater:Groundwater:Biofilm
SRR3624196,root:Environmental:Aquatic:Marine:Intertidal zone:Coral reef
ERR1582850,root:Environmental:Aquatic:Freshwater:Wetlands:Bog
SRR5800740,root:Environmental:Aquatic:Marine:Intertidal zone:Coral reef
SRR6746127,root:Environmental:Aquatic:Marine:Coastal:Sediment
SRR5003161,root:Environmental:Aquatic:Freshwater:Groundwater:Biofilm
SRR5528281,root:Environmental:Aquatic:Freshwater:Lentic:Sediment
SRR7078355,root:Host-associated:Birds:Digestive system:Digestive tube:Cecum
SRR6507802,root:Host-associated:Human:Respiratory system:Nasopharyngeal:Nasal cavity
SRR1583642,root:Host-associated:Human:Digestive system:Oral:Saliva
SRR2913562,root:Environmental:Aquatic:Marine:Cold seeps:Sediment
SRR6465520,root:Host-associated:Human:Digestive system:Oral:Saliva
ERR1582496,root:Environmental:Aquatic:Freshwater:Wetlands:Bog
SRR6464998,root:Host-associated:Human:Digestive system:Oral:Saliva
SRR1145326,root:Host-associated:Human:Digestive system:Oral:Saliva
SRR3633267,root:Environmental:Aquatic:Marine:Intertidal zone:Coral reef
ERR1583127,root:Environmental:Aquatic:Freshwater:Wetlands:Bog
DRR068122,root:Host-associated:Human:Digestive system:Large intestine:Fecal
SRR3426574,root:Host-associated:Mammals:Digestive system:Stomach:Rumen
SRR2025621,root:Host-associated:Human:Digestive system:Large intestine:Fecal
ERR1582032,root:Environmental:Aquatic:Freshwater:Wetlands:Bog
SRR3624618,root:Environmental:Aquatic:Marine:Intertidal zone:Coral reef
DRR139257,root:Host-associated:Human:Digestive system:Oral:tongue dorsum
ERR1583028,root:Environmental:Aquatic:Freshwater:Wetlands:Bog
ERR2816612,root:Environmental:Aquatic:Marine:Intertidal zone:Coral reef
ERR1582162,root:Environmental:Aquatic:Freshwater:Wetlands:Bog
ERR1583375,root:Environmental:Aquatic:Freshwater:Wetlands:Bog
ERR441305,root:Host-associated:Human:Digestive system:Oral:tongue dorsum
SRR4304333,root:Host-associated:Human:Respiratory system:Nasopharyngeal:Pharynx
SRR4303114,root:Host-associated:Human:Respiratory system:Nasopharyngeal:Pharynx
ERR2817024,root:Environmental:Aquatic:Marine:Intertidal zone:Coral reef
ERR1583515,root:Environmental:Aquatic:Freshwater:Wetlands:Bog
ERR2724174,root:Host-associated:Mammals:Digestive system:Stomach:Rumen
ERR3046584,root:Host-associated:Human:Digestive system:Large intestine:Fecal
SRR5097529,root:Environmental:Aquatic:Marine:Coastal:Sediment
SRR6265298,root:Host-associated:Human:Digestive system:Large intestine:Fecal
SRR3632967,root:Environmental:Aquatic:Marine:Intertidal zone:Coral reef
SRR1930512,root:Environmental:Aquatic:Freshwater:Groundwater:Biofilm
SRR1930586,root:Environmental:Aquatic:Freshwater:Groundwater:Biofilm
ERR2762984,root:Host-associated:Mammals:Digestive system:Stomach:Rumen
SRR3426876,root:Host-associated:Mammals:Digestive system:Stomach:Rumen
SRR5188878,root:Host-associated:Human:Respiratory system:Nasopharyngeal:Nasal cavity
ERR2724310,root:Host-associated:Mammals:Digestive system:Stomach:Rumen
SRR2297149,root:Environmental:Aquatic:Marine:Coastal:Sediment
ERR1582510,root:Environmental:Aquatic:Freshwater:Wetlands:Bog
ERZ475813,root:Host-associated:Human:Digestive system:Oral:Saliva
SRR2242290,root:Host-associated:Mammals:Digestive system:Stomach:Rumen
SRR4303644,root:Host-associated:Human:Respiratory system:Nasopharyngeal:Pharynx
SRR5189536,root:Host-associated:Human:Respiratory system:Nasopharyngeal:Nasal cavity
SRR3497603,root:Environmental:Aquatic:Freshwater:Wetlands:Sediment
SRR7078483,root:Host-associated:Birds:Digestive system:Digestive tube:Cecum
SRR5852378,root:Environmental:Aquatic:Marine:Intertidal zone:Coral reef
SRR5189519,root:Host-associated:Human:Respiratory system:Nasopharyngeal:Nasal cavity
ERZ475977,root:Host-associated:Human:Digestive system:Oral:Saliva
ERR2724902,root:Host-associated:Mammals:Digestive system:Stomach:Rumen
SRR5189408,root:Host-associated:Human:Respiratory system:Nasopharyngeal:Nasal cavity
ERR2715123,root:Environmental:Aquatic:Freshwater:Lentic:Sediment
ERR441239,root:Host-associated:Human:Digestive system:Oral:tongue dorsum
SRR6517605,root:Environmental:Aquatic:Marine:Coastal:Sediment
SRR3426353,root:Host-associated:Mammals:Digestive system:Stomach:Rumen
ERR441501,root:Host-associated:Human:Digestive system:Oral:tongue dorsum
SRR4303989,root:Host-associated:Human:Respiratory system:Nasopharyngeal:Pharynx
ERR479081,root:Host-associated:Mammals:Digestive system:Large intestine:Fecal
DRR139457,root:Host-associated:Human:Digestive system:Oral:tongue dorsum
ERR441118,root:Host-associated:Human:Digestive system:Oral:tongue dorsum
ERR1220555,root:Environmental:Aquatic:Marine:Wetlands:Sediment
SRR2242436,root:Host-associated:Mammals:Digestive system:Stomach:Rumen
ERR2848671,root:Host-associated:Human:Digestive system:Large intestine:Fecal
ERR2486411,root:Host-associated:Birds:Digestive system:Digestive tube:Cecum
ERR2222861,root:Host-associated:Birds:Digestive system:Digestive tube:Cecum
ERR2816834,root:Environmental:Aquatic:Marine:Intertidal zone:Coral reef
SRR6507463,root:Host-associated:Human:Respiratory system:Nasopharyngeal:Nasal cavity
SRR6464901,root:Host-associated:Human:Digestive system:Oral:Saliva
SRR6465703,root:Host-associated:Human:Digestive system:Oral:Saliva
SRR4302863,root:Host-associated:Human:Respiratory system:Nasopharyngeal:Pharynx
SRR5002877,root:Environmental:Aquatic:Freshwater:Groundwater:Biofilm
SRR6465097,root:Host-associated:Human:Digestive system:Oral:Saliva
SRR5003252,root:Environmental:Aquatic:Freshwater:Groundwater:Biofilm
ERR1599457,root:Host-associated:Human:Digestive system:Large intestine:Fecal
ERR2842512,root:Host-associated:Human:Respiratory system:Nasopharyngeal:Pharynx
SRR6464907,root:Host-associated:Human:Digestive system:Oral:Saliva
SRR6507601,root:Host-associated:Human:Respiratory system:Nasopharyngeal:Nasal cavity
SRR5287300,root:Host-associated:Mammals:Digestive system:Stomach:Rumen
SRR5188799,root:Host-associated:Human:Respiratory system:Nasopharyngeal:Nasal cavity
SRR5433944,root:Environmental:Aquatic:Freshwater:Groundwater:Biofilm
SRR6979560,root:Environmental:Aquatic:Freshwater:Lotic:Sediment
ERZ1026917,root:Host-associated:Human:Digestive system:Large intestine:Fecal
SRR5189471,root:Host-associated:Human:Respiratory system:Nasopharyngeal:Nasal cavity
DRR161763,root:Host-associated:Human:Digestive system:Oral:tongue dorsum
